{"remnant_mass": 0.9516192579323307, "remnant_dimensionless_spin": [2.0538245541478225e-11, -1.1639014277253988e-11, 0.6864419212995437]}