{"remnant_mass": 0.9268366784126458, "remnant_dimensionless_spin": [-1.2554951759484046e-10, -1.26922667192505e-10, 0.8578048678369599]}