{"remnant_mass": 0.9702608053160913, "remnant_dimensionless_spin": [1.8726528125008566e-09, -9.630736177657757e-10, 0.6859858618993956]}