{"remnant_mass": 0.9514931962002897, "remnant_dimensionless_spin": [6.030935525399177e-11, 1.0786708886559066e-10, 0.6858678693155159]}