{"remnant_mass": 0.9779254022459025, "remnant_dimensionless_spin": [2.6352640573784297e-10, -4.295293524766245e-10, 0.4716264765466938]}