{"remnant_mass": 0.9575815773380232, "remnant_dimensionless_spin": [-3.172640450984849e-10, 5.445497745770296e-09, 0.603323150745859]}