{"remnant_mass": 0.9455106584931023, "remnant_dimensionless_spin": [3.806147175422322e-13, 1.414790212512987e-10, 0.7464238612350587]}