{"remnant_mass": 0.9575807093925315, "remnant_dimensionless_spin": [7.616601571969341e-10, 4.983716893172586e-09, 0.6033042573316021]}