{"remnant_mass": 0.9779153758518581, "remnant_dimensionless_spin": [-1.6853086767171174e-09, -1.2480230533740992e-09, 0.47164621650801325]}