{"remnant_mass": 0.9515902815399971, "remnant_dimensionless_spin": [4.927669084235833e-11, 1.026050388299892e-10, 0.6862938838185965]}