{"remnant_mass": 0.9515875877902822, "remnant_dimensionless_spin": [-2.646501829469264e-12, 1.2102732427790518e-11, 0.6862997012694741]}