{"remnant_mass": 0.9516190372502692, "remnant_dimensionless_spin": [6.889874765304703e-11, -1.2874310012487498e-10, 0.6864360084209996]}