{"remnant_mass": 0.9455111100804728, "remnant_dimensionless_spin": [1.0431633770426368e-12, -7.654665713530211e-13, 0.7464286219107381]}