{"remnant_mass": 0.9719925631559886, "remnant_dimensionless_spin": [2.220603908940118e-09, 8.814134353500319e-10, 0.6720135064414625]}