{"remnant_mass": 0.9375902014852716, "remnant_dimensionless_spin": [3.6326046955100835e-11, 6.164092664824375e-11, 0.8037611892184436]}