{"remnant_mass": 0.9375889895901739, "remnant_dimensionless_spin": [-1.7145057447522552e-10, -4.0594742013145344e-11, 0.8037564792468592]}