{"remnant_mass": 0.9513314463327409, "remnant_dimensionless_spin": [6.160864578160822e-11, 1.3953582403045825e-10, 0.6851476177373423]}