{"remnant_mass": 0.9494262242898542, "remnant_dimensionless_spin": [1.8169604095362444e-10, -5.941353320499222e-11, 0.6785619417242248]}