{"remnant_mass": 0.9702527860248374, "remnant_dimensionless_spin": [1.0130423911733068e-09, 2.0842175935632905e-09, 0.6860109371763581]}