{"remnant_mass": 0.951493188516501, "remnant_dimensionless_spin": [1.983995255314757e-11, 4.149967348987341e-12, 0.6858729088751006]}