{"remnant_mass": 0.9268382133878149, "remnant_dimensionless_spin": [-5.190630671328409e-11, -2.0318155560117172e-11, 0.8578089193817242]}