{"remnant_mass": 0.9720000604874537, "remnant_dimensionless_spin": [-5.727266198976193e-11, 7.141996033332215e-11, 0.671989830724313]}