{"remnant_mass": 0.9808793511667034, "remnant_dimensionless_spin": [7.170103095215811e-09, 1.4368795405819773e-09, 0.4297901211911864]}