{"remnant_mass": 0.9808885535367629, "remnant_dimensionless_spin": [4.2801423849936856e-09, -3.754500793059568e-09, 0.4297760033808057]}