{"remnant_mass": 0.9513321858345829, "remnant_dimensionless_spin": [4.424053730292153e-12, -9.047061293024197e-13, 0.68515340847611]}