{"remnant_mass": 0.9494282782183159, "remnant_dimensionless_spin": [-1.529411775477832e-10, 2.2475671453256807e-10, 0.6785616749949224]}